owning_agency_name,reporting_agency_name,submission_period,allocation_transfer_agency_identifier_code,agency_identifier_code,beginning_period_of_availability,ending_period_of_availability,availability_type_code,main_account_code,sub_account_code,treasury_account_symbol,treasury_account_name,agency_identifier_name,allocation_transfer_agency_identifier_name,budget_function,budget_subfunction,federal_account_symbol,federal_account_name,program_activity_code,program_activity_name,object_class_code,object_class_name,direct_or_reimbursable_funding_source,disaster_emergency_fund_code,disaster_emergency_fund_name,transaction_obligated_amount,gross_outlay_amount_FYB_to_period_end,USSGL487200_downward_adj_prior_year_prepaid_undeliv_order_oblig,USSGL497200_downward_adj_of_prior_year_paid_deliv_orders_oblig,award_unique_key,award_id_piid,parent_award_id_piid,award_id_fain,award_id_uri,award_base_action_date,award_base_action_date_fiscal_year,award_latest_action_date,award_latest_action_date_fiscal_year,period_of_performance_start_date,period_of_performance_current_end_date,ordering_period_end_date,award_type_code,award_type,idv_type_code,idv_type,prime_award_base_transaction_description,awarding_agency_code,awarding_agency_name,awarding_subagency_code,awarding_subagency_name,awarding_office_code,awarding_office_name,funding_agency_code,funding_agency_name,funding_sub_agency_code,funding_sub_agency_name,funding_office_code,funding_office_name,recipient_uei,recipient_duns,recipient_name,recipient_name_raw,recipient_parent_uei,recipient_parent_duns,recipient_parent_name,recipient_parent_name_raw,recipient_country,recipient_state,recipient_county,recipient_city,prime_award_summary_recipient_cd_original,prime_award_summary_recipient_cd_current,recipient_zip_code,primary_place_of_performance_country,primary_place_of_performance_state,primary_place_of_performance_county,prime_award_summary_place_of_performance_cd_original,prime_award_summary_place_of_performance_cd_current,primary_place_of_performance_zip_code,cfda_number,cfda_title,product_or_service_code,product_or_service_code_description,naics_code,naics_description,national_interest_action_code,national_interest_action,usaspending_permalink,last_modified_date
National Aeronautics and Space Administration,National Aeronautics and Space Administration,FY2021P11,,080,2021,2022,,0120,000,080-2021/2022-0120-000,"Science, National Aeronautics and Space Administration",National Aeronautics and Space Administration,,"General Science, Space, and Technology","Space flight, research, and supporting activities",080-0120,"Science, National Aeronautics and Space Administration",0001,SCIENCE (DIRECT),41.0,"Grants, subsidies, and contributions",D,Q,Not Designated Nonemergency/Emergency/Disaster/Wildfire Suppression,283974.00,,,,ASST_NON_80NSSC21K1317_080,,,80NSSC21K1317,,2021-08-09,2021,2025-08-08,2025,2021-07-01,2026-06-30,,04,PROJECT GRANT (B),,,ANALYZING THE FIRST ALL-SKY IMAGES OF DREP EVENTS MEASURED WITH COSI SECTION VII - PROJECT SUMMARY SCIENCE GOALS AND OBJECTIVES: ELECTRON PRECIPITATION INTO THE ATMOSPHERE CAN SIGNIFICANTLY DRAIN THE RADIATION BELTS DURING GEOMAGNETIC STORMS. LOSS TO,080,NATIONAL AERONAUTICS AND SPACE ADMINISTRATION (NASA),8000,NATIONAL AERONAUTICS AND SPACE ADMINISTRATION,80NSSC,NASA SHARED SERVICES CENTER,080,NATIONAL AERONAUTICS AND SPACE ADMINISTRATION (NASA),8000,NATIONAL AERONAUTICS AND SPACE ADMINISTRATION,80NSSC,NASA SHARED SERVICES CENTER,GS3YEVSS12N6,,"REGENTS OF THE UNIVERSITY OF CALIFORNIA, THE",REGENTS OF THE UNIVERSITY OF CALIFORNIA  THE,,,,,USA,CA,ALAMEDA,BERKELEY,CA-12,CA-12,947101749,UNITED STATES,CALIFORNIA,ALAMEDA,CA-12,CA-12,94710-1749,43.001,SCIENCE,,,,,,,https://www.usaspending.gov/award/ASST_NON_80NSSC21K1317_080/,2021-09-22
National Aeronautics and Space Administration,National Aeronautics and Space Administration,FY2022P11,,080,2022,2023,,0120,000,080-2022/2023-0120-000,"Science, National Aeronautics and Space Administration",National Aeronautics and Space Administration,,"General Science, Space, and Technology","Space flight, research, and supporting activities",080-0120,"Science, National Aeronautics and Space Administration",0001,SCIENCE (DIRECT),41.0,"Grants, subsidies, and contributions",D,Q,Not Designated Nonemergency/Emergency/Disaster/Wildfire Suppression,89104.00,,,,ASST_NON_80NSSC21K1317_080,,,80NSSC21K1317,,2021-08-09,2021,2025-08-08,2025,2021-07-01,2026-06-30,,04,PROJECT GRANT (B),,,ANALYZING THE FIRST ALL-SKY IMAGES OF DREP EVENTS MEASURED WITH COSI SECTION VII - PROJECT SUMMARY SCIENCE GOALS AND OBJECTIVES: ELECTRON PRECIPITATION INTO THE ATMOSPHERE CAN SIGNIFICANTLY DRAIN THE RADIATION BELTS DURING GEOMAGNETIC STORMS. LOSS TO,080,NATIONAL AERONAUTICS AND SPACE ADMINISTRATION (NASA),8000,NATIONAL AERONAUTICS AND SPACE ADMINISTRATION,80NSSC,NASA SHARED SERVICES CENTER,080,NATIONAL AERONAUTICS AND SPACE ADMINISTRATION (NASA),8000,NATIONAL AERONAUTICS AND SPACE ADMINISTRATION,80NSSC,NASA SHARED SERVICES CENTER,GS3YEVSS12N6,,"REGENTS OF THE UNIVERSITY OF CALIFORNIA, THE",REGENTS OF THE UNIVERSITY OF CALIFORNIA  THE,,,,,USA,CA,ALAMEDA,BERKELEY,CA-12,CA-12,947101749,UNITED STATES,CALIFORNIA,ALAMEDA,CA-12,CA-12,94710-1749,43.001,SCIENCE,,,,,,,https://www.usaspending.gov/award/ASST_NON_80NSSC21K1317_080/,2022-09-25
National Aeronautics and Space Administration,National Aeronautics and Space Administration,FY2022P11,,080,2021,2022,,0120,000,080-2021/2022-0120-000,"Science, National Aeronautics and Space Administration",National Aeronautics and Space Administration,,"General Science, Space, and Technology","Space flight, research, and supporting activities",080-0120,"Science, National Aeronautics and Space Administration",0001,SCIENCE (DIRECT),41.0,"Grants, subsidies, and contributions",D,Q,Not Designated Nonemergency/Emergency/Disaster/Wildfire Suppression,,38119.80,,,ASST_NON_80NSSC21K1317_080,,,80NSSC21K1317,,2021-08-09,2021,2025-08-08,2025,2021-07-01,2026-06-30,,04,PROJECT GRANT (B),,,ANALYZING THE FIRST ALL-SKY IMAGES OF DREP EVENTS MEASURED WITH COSI SECTION VII - PROJECT SUMMARY SCIENCE GOALS AND OBJECTIVES: ELECTRON PRECIPITATION INTO THE ATMOSPHERE CAN SIGNIFICANTLY DRAIN THE RADIATION BELTS DURING GEOMAGNETIC STORMS. LOSS TO,080,NATIONAL AERONAUTICS AND SPACE ADMINISTRATION (NASA),8000,NATIONAL AERONAUTICS AND SPACE ADMINISTRATION,80NSSC,NASA SHARED SERVICES CENTER,080,NATIONAL AERONAUTICS AND SPACE ADMINISTRATION (NASA),8000,NATIONAL AERONAUTICS AND SPACE ADMINISTRATION,80NSSC,NASA SHARED SERVICES CENTER,GS3YEVSS12N6,,"REGENTS OF THE UNIVERSITY OF CALIFORNIA, THE",REGENTS OF THE UNIVERSITY OF CALIFORNIA  THE,,,,,USA,CA,ALAMEDA,BERKELEY,CA-12,CA-12,947101749,UNITED STATES,CALIFORNIA,ALAMEDA,CA-12,CA-12,94710-1749,43.001,SCIENCE,,,,,,,https://www.usaspending.gov/award/ASST_NON_80NSSC21K1317_080/,2022-09-25
National Aeronautics and Space Administration,National Aeronautics and Space Administration,FY2022P12,,080,2021,2022,,0120,000,080-2021/2022-0120-000,"Science, National Aeronautics and Space Administration",National Aeronautics and Space Administration,,"General Science, Space, and Technology","Space flight, research, and supporting activities",080-0120,"Science, National Aeronautics and Space Administration",0001,SCIENCE (DIRECT),41.0,"Grants, subsidies, and contributions",D,Q,Not Designated Nonemergency/Emergency/Disaster/Wildfire Suppression,,63552.94,,,ASST_NON_80NSSC21K1317_080,,,80NSSC21K1317,,2021-08-09,2021,2025-08-08,2025,2021-07-01,2026-06-30,,04,PROJECT GRANT (B),,,ANALYZING THE FIRST ALL-SKY IMAGES OF DREP EVENTS MEASURED WITH COSI SECTION VII - PROJECT SUMMARY SCIENCE GOALS AND OBJECTIVES: ELECTRON PRECIPITATION INTO THE ATMOSPHERE CAN SIGNIFICANTLY DRAIN THE RADIATION BELTS DURING GEOMAGNETIC STORMS. LOSS TO,080,NATIONAL AERONAUTICS AND SPACE ADMINISTRATION (NASA),8000,NATIONAL AERONAUTICS AND SPACE ADMINISTRATION,80NSSC,NASA SHARED SERVICES CENTER,080,NATIONAL AERONAUTICS AND SPACE ADMINISTRATION (NASA),8000,NATIONAL AERONAUTICS AND SPACE ADMINISTRATION,80NSSC,NASA SHARED SERVICES CENTER,GS3YEVSS12N6,,"REGENTS OF THE UNIVERSITY OF CALIFORNIA, THE",REGENTS OF THE UNIVERSITY OF CALIFORNIA  THE,,,,,USA,CA,ALAMEDA,BERKELEY,CA-12,CA-12,947101749,UNITED STATES,CALIFORNIA,ALAMEDA,CA-12,CA-12,94710-1749,43.001,SCIENCE,,,,,,,https://www.usaspending.gov/award/ASST_NON_80NSSC21K1317_080/,2022-11-02
National Aeronautics and Space Administration,National Aeronautics and Space Administration,FY2023P10,,080,2021,2022,,0120,000,080-2021/2022-0120-000,"Science, National Aeronautics and Space Administration",National Aeronautics and Space Administration,,"General Science, Space, and Technology","Space flight, research, and supporting activities",080-0120,"Science, National Aeronautics and Space Administration",0001,SCIENCE (DIRECT),41.0,"Grants, subsidies, and contributions",D,Q,Not Designated Nonemergency/Emergency/Disaster/Wildfire Suppression,,43209.73,,,ASST_NON_80NSSC21K1317_080,,,80NSSC21K1317,,2021-08-09,2021,2025-08-08,2025,2021-07-01,2026-06-30,,04,PROJECT GRANT (B),,,ANALYZING THE FIRST ALL-SKY IMAGES OF DREP EVENTS MEASURED WITH COSI SECTION VII - PROJECT SUMMARY SCIENCE GOALS AND OBJECTIVES: ELECTRON PRECIPITATION INTO THE ATMOSPHERE CAN SIGNIFICANTLY DRAIN THE RADIATION BELTS DURING GEOMAGNETIC STORMS. LOSS TO,080,NATIONAL AERONAUTICS AND SPACE ADMINISTRATION (NASA),8000,NATIONAL AERONAUTICS AND SPACE ADMINISTRATION,80NSSC,NASA SHARED SERVICES CENTER,080,NATIONAL AERONAUTICS AND SPACE ADMINISTRATION (NASA),8000,NATIONAL AERONAUTICS AND SPACE ADMINISTRATION,80NSSC,NASA SHARED SERVICES CENTER,GS3YEVSS12N6,,"REGENTS OF THE UNIVERSITY OF CALIFORNIA, THE",REGENTS OF THE UNIVERSITY OF CALIFORNIA  THE,,,,,USA,CA,ALAMEDA,BERKELEY,CA-12,CA-12,947101749,UNITED STATES,CALIFORNIA,ALAMEDA,CA-12,CA-12,94710-1749,43.001,SCIENCE,,,,,,,https://www.usaspending.gov/award/ASST_NON_80NSSC21K1317_080/,2023-08-28
National Aeronautics and Space Administration,National Aeronautics and Space Administration,FY2023P11,,080,2021,2022,,0120,000,080-2021/2022-0120-000,"Science, National Aeronautics and Space Administration",National Aeronautics and Space Administration,,"General Science, Space, and Technology","Space flight, research, and supporting activities",080-0120,"Science, National Aeronautics and Space Administration",0001,SCIENCE (DIRECT),41.0,"Grants, subsidies, and contributions",D,Q,Not Designated Nonemergency/Emergency/Disaster/Wildfire Suppression,,52215.48,,,ASST_NON_80NSSC21K1317_080,,,80NSSC21K1317,,2021-08-09,2021,2025-08-08,2025,2021-07-01,2026-06-30,,04,PROJECT GRANT (B),,,ANALYZING THE FIRST ALL-SKY IMAGES OF DREP EVENTS MEASURED WITH COSI SECTION VII - PROJECT SUMMARY SCIENCE GOALS AND OBJECTIVES: ELECTRON PRECIPITATION INTO THE ATMOSPHERE CAN SIGNIFICANTLY DRAIN THE RADIATION BELTS DURING GEOMAGNETIC STORMS. LOSS TO,080,NATIONAL AERONAUTICS AND SPACE ADMINISTRATION (NASA),8000,NATIONAL AERONAUTICS AND SPACE ADMINISTRATION,80NSSC,NASA SHARED SERVICES CENTER,080,NATIONAL AERONAUTICS AND SPACE ADMINISTRATION (NASA),8000,NATIONAL AERONAUTICS AND SPACE ADMINISTRATION,80NSSC,NASA SHARED SERVICES CENTER,GS3YEVSS12N6,,"REGENTS OF THE UNIVERSITY OF CALIFORNIA, THE",REGENTS OF THE UNIVERSITY OF CALIFORNIA  THE,,,,,USA,CA,ALAMEDA,BERKELEY,CA-12,CA-12,947101749,UNITED STATES,CALIFORNIA,ALAMEDA,CA-12,CA-12,94710-1749,43.001,SCIENCE,,,,,,,https://www.usaspending.gov/award/ASST_NON_80NSSC21K1317_080/,2023-09-28
National Aeronautics and Space Administration,National Aeronautics and Space Administration,FY2023P12,,080,2021,2022,,0120,000,080-2021/2022-0120-000,"Science, National Aeronautics and Space Administration",National Aeronautics and Space Administration,,"General Science, Space, and Technology","Space flight, research, and supporting activities",080-0120,"Science, National Aeronautics and Space Administration",0001,SCIENCE (DIRECT),41.0,"Grants, subsidies, and contributions",D,Q,Not Designated Nonemergency/Emergency/Disaster/Wildfire Suppression,,81137.71,,,ASST_NON_80NSSC21K1317_080,,,80NSSC21K1317,,2021-08-09,2021,2025-08-08,2025,2021-07-01,2026-06-30,,04,PROJECT GRANT (B),,,ANALYZING THE FIRST ALL-SKY IMAGES OF DREP EVENTS MEASURED WITH COSI SECTION VII - PROJECT SUMMARY SCIENCE GOALS AND OBJECTIVES: ELECTRON PRECIPITATION INTO THE ATMOSPHERE CAN SIGNIFICANTLY DRAIN THE RADIATION BELTS DURING GEOMAGNETIC STORMS. LOSS TO,080,NATIONAL AERONAUTICS AND SPACE ADMINISTRATION (NASA),8000,NATIONAL AERONAUTICS AND SPACE ADMINISTRATION,80NSSC,NASA SHARED SERVICES CENTER,080,NATIONAL AERONAUTICS AND SPACE ADMINISTRATION (NASA),8000,NATIONAL AERONAUTICS AND SPACE ADMINISTRATION,80NSSC,NASA SHARED SERVICES CENTER,GS3YEVSS12N6,,"REGENTS OF THE UNIVERSITY OF CALIFORNIA, THE",REGENTS OF THE UNIVERSITY OF CALIFORNIA  THE,,,,,USA,CA,ALAMEDA,BERKELEY,CA-12,CA-12,947101749,UNITED STATES,CALIFORNIA,ALAMEDA,CA-12,CA-12,94710-1749,43.001,SCIENCE,,,,,,,https://www.usaspending.gov/award/ASST_NON_80NSSC21K1317_080/,2023-11-03
National Aeronautics and Space Administration,National Aeronautics and Space Administration,FY2024P02,,080,2021,2022,,0120,000,080-2021/2022-0120-000,"Science, National Aeronautics and Space Administration",National Aeronautics and Space Administration,,"General Science, Space, and Technology","Space flight, research, and supporting activities",080-0120,"Science, National Aeronautics and Space Administration",0001,SCIENCE (DIRECT),41.0,"Grants, subsidies, and contributions",D,Q,Not Designated Nonemergency/Emergency/Disaster/Wildfire Suppression,,12246.96,,,ASST_NON_80NSSC21K1317_080,,,80NSSC21K1317,,2021-08-09,2021,2025-08-08,2025,2021-07-01,2026-06-30,,04,PROJECT GRANT (B),,,ANALYZING THE FIRST ALL-SKY IMAGES OF DREP EVENTS MEASURED WITH COSI SECTION VII - PROJECT SUMMARY SCIENCE GOALS AND OBJECTIVES: ELECTRON PRECIPITATION INTO THE ATMOSPHERE CAN SIGNIFICANTLY DRAIN THE RADIATION BELTS DURING GEOMAGNETIC STORMS. LOSS TO,080,NATIONAL AERONAUTICS AND SPACE ADMINISTRATION (NASA),8000,NATIONAL AERONAUTICS AND SPACE ADMINISTRATION,80NSSC,NASA SHARED SERVICES CENTER,080,NATIONAL AERONAUTICS AND SPACE ADMINISTRATION (NASA),8000,NATIONAL AERONAUTICS AND SPACE ADMINISTRATION,80NSSC,NASA SHARED SERVICES CENTER,GS3YEVSS12N6,,"REGENTS OF THE UNIVERSITY OF CALIFORNIA, THE",REGENTS OF THE UNIVERSITY OF CALIFORNIA  THE,,,,,USA,CA,ALAMEDA,BERKELEY,CA-12,CA-12,947101749,UNITED STATES,CALIFORNIA,ALAMEDA,CA-12,CA-12,94710-1749,43.001,SCIENCE,,,,,,,https://www.usaspending.gov/award/ASST_NON_80NSSC21K1317_080/,2024-01-05
National Aeronautics and Space Administration,National Aeronautics and Space Administration,FY2024P03,,080,2021,2022,,0120,000,080-2021/2022-0120-000,"Science, National Aeronautics and Space Administration",National Aeronautics and Space Administration,,"General Science, Space, and Technology","Space flight, research, and supporting activities",080-0120,"Science, National Aeronautics and Space Administration",0001,SCIENCE (DIRECT),41.0,"Grants, subsidies, and contributions",D,Q,Not Designated Nonemergency/Emergency/Disaster/Wildfire Suppression,,17559.81,,,ASST_NON_80NSSC21K1317_080,,,80NSSC21K1317,,2021-08-09,2021,2025-08-08,2025,2021-07-01,2026-06-30,,04,PROJECT GRANT (B),,,ANALYZING THE FIRST ALL-SKY IMAGES OF DREP EVENTS MEASURED WITH COSI SECTION VII - PROJECT SUMMARY SCIENCE GOALS AND OBJECTIVES: ELECTRON PRECIPITATION INTO THE ATMOSPHERE CAN SIGNIFICANTLY DRAIN THE RADIATION BELTS DURING GEOMAGNETIC STORMS. LOSS TO,080,NATIONAL AERONAUTICS AND SPACE ADMINISTRATION (NASA),8000,NATIONAL AERONAUTICS AND SPACE ADMINISTRATION,80NSSC,NASA SHARED SERVICES CENTER,080,NATIONAL AERONAUTICS AND SPACE ADMINISTRATION (NASA),8000,NATIONAL AERONAUTICS AND SPACE ADMINISTRATION,80NSSC,NASA SHARED SERVICES CENTER,GS3YEVSS12N6,,"REGENTS OF THE UNIVERSITY OF CALIFORNIA, THE",REGENTS OF THE UNIVERSITY OF CALIFORNIA  THE,,,,,USA,CA,ALAMEDA,BERKELEY,CA-12,CA-12,947101749,UNITED STATES,CALIFORNIA,ALAMEDA,CA-12,CA-12,94710-1749,43.001,SCIENCE,,,,,,,https://www.usaspending.gov/award/ASST_NON_80NSSC21K1317_080/,2024-01-28
National Aeronautics and Space Administration,National Aeronautics and Space Administration,FY2024P04,,080,2021,2022,,0120,000,080-2021/2022-0120-000,"Science, National Aeronautics and Space Administration",National Aeronautics and Space Administration,,"General Science, Space, and Technology","Space flight, research, and supporting activities",080-0120,"Science, National Aeronautics and Space Administration",0001,SCIENCE (DIRECT),41.0,"Grants, subsidies, and contributions",D,Q,Not Designated Nonemergency/Emergency/Disaster/Wildfire Suppression,,21759.12,,,ASST_NON_80NSSC21K1317_080,,,80NSSC21K1317,,2021-08-09,2021,2025-08-08,2025,2021-07-01,2026-06-30,,04,PROJECT GRANT (B),,,ANALYZING THE FIRST ALL-SKY IMAGES OF DREP EVENTS MEASURED WITH COSI SECTION VII - PROJECT SUMMARY SCIENCE GOALS AND OBJECTIVES: ELECTRON PRECIPITATION INTO THE ATMOSPHERE CAN SIGNIFICANTLY DRAIN THE RADIATION BELTS DURING GEOMAGNETIC STORMS. LOSS TO,080,NATIONAL AERONAUTICS AND SPACE ADMINISTRATION (NASA),8000,NATIONAL AERONAUTICS AND SPACE ADMINISTRATION,80NSSC,NASA SHARED SERVICES CENTER,080,NATIONAL AERONAUTICS AND SPACE ADMINISTRATION (NASA),8000,NATIONAL AERONAUTICS AND SPACE ADMINISTRATION,80NSSC,NASA SHARED SERVICES CENTER,GS3YEVSS12N6,,"REGENTS OF THE UNIVERSITY OF CALIFORNIA, THE",REGENTS OF THE UNIVERSITY OF CALIFORNIA  THE,,,,,USA,CA,ALAMEDA,BERKELEY,CA-12,CA-12,947101749,UNITED STATES,CALIFORNIA,ALAMEDA,CA-12,CA-12,94710-1749,43.001,SCIENCE,,,,,,,https://www.usaspending.gov/award/ASST_NON_80NSSC21K1317_080/,2024-02-27
National Aeronautics and Space Administration,National Aeronautics and Space Administration,FY2024P05,,080,2021,2022,,0120,000,080-2021/2022-0120-000,"Science, National Aeronautics and Space Administration",National Aeronautics and Space Administration,,"General Science, Space, and Technology","Space flight, research, and supporting activities",080-0120,"Science, National Aeronautics and Space Administration",0001,SCIENCE (DIRECT),41.0,"Grants, subsidies, and contributions",D,Q,Not Designated Nonemergency/Emergency/Disaster/Wildfire Suppression,,32787.35,,,ASST_NON_80NSSC21K1317_080,,,80NSSC21K1317,,2021-08-09,2021,2025-08-08,2025,2021-07-01,2026-06-30,,04,PROJECT GRANT (B),,,ANALYZING THE FIRST ALL-SKY IMAGES OF DREP EVENTS MEASURED WITH COSI SECTION VII - PROJECT SUMMARY SCIENCE GOALS AND OBJECTIVES: ELECTRON PRECIPITATION INTO THE ATMOSPHERE CAN SIGNIFICANTLY DRAIN THE RADIATION BELTS DURING GEOMAGNETIC STORMS. LOSS TO,080,NATIONAL AERONAUTICS AND SPACE ADMINISTRATION (NASA),8000,NATIONAL AERONAUTICS AND SPACE ADMINISTRATION,80NSSC,NASA SHARED SERVICES CENTER,080,NATIONAL AERONAUTICS AND SPACE ADMINISTRATION (NASA),8000,NATIONAL AERONAUTICS AND SPACE ADMINISTRATION,80NSSC,NASA SHARED SERVICES CENTER,GS3YEVSS12N6,,"REGENTS OF THE UNIVERSITY OF CALIFORNIA, THE",REGENTS OF THE UNIVERSITY OF CALIFORNIA  THE,,,,,USA,CA,ALAMEDA,BERKELEY,CA-12,CA-12,947101749,UNITED STATES,CALIFORNIA,ALAMEDA,CA-12,CA-12,94710-1749,43.001,SCIENCE,,,,,,,https://www.usaspending.gov/award/ASST_NON_80NSSC21K1317_080/,2024-03-28
National Aeronautics and Space Administration,National Aeronautics and Space Administration,FY2024P06,,080,2021,2022,,0120,000,080-2021/2022-0120-000,"Science, National Aeronautics and Space Administration",National Aeronautics and Space Administration,,"General Science, Space, and Technology","Space flight, research, and supporting activities",080-0120,"Science, National Aeronautics and Space Administration",0001,SCIENCE (DIRECT),41.0,"Grants, subsidies, and contributions",D,Q,Not Designated Nonemergency/Emergency/Disaster/Wildfire Suppression,,36369.44,,,ASST_NON_80NSSC21K1317_080,,,80NSSC21K1317,,2021-08-09,2021,2025-08-08,2025,2021-07-01,2026-06-30,,04,PROJECT GRANT (B),,,ANALYZING THE FIRST ALL-SKY IMAGES OF DREP EVENTS MEASURED WITH COSI SECTION VII - PROJECT SUMMARY SCIENCE GOALS AND OBJECTIVES: ELECTRON PRECIPITATION INTO THE ATMOSPHERE CAN SIGNIFICANTLY DRAIN THE RADIATION BELTS DURING GEOMAGNETIC STORMS. LOSS TO,080,NATIONAL AERONAUTICS AND SPACE ADMINISTRATION (NASA),8000,NATIONAL AERONAUTICS AND SPACE ADMINISTRATION,80NSSC,NASA SHARED SERVICES CENTER,080,NATIONAL AERONAUTICS AND SPACE ADMINISTRATION (NASA),8000,NATIONAL AERONAUTICS AND SPACE ADMINISTRATION,80NSSC,NASA SHARED SERVICES CENTER,GS3YEVSS12N6,,"REGENTS OF THE UNIVERSITY OF CALIFORNIA, THE",REGENTS OF THE UNIVERSITY OF CALIFORNIA  THE,,,,,USA,CA,ALAMEDA,BERKELEY,CA-12,CA-12,947101749,UNITED STATES,CALIFORNIA,ALAMEDA,CA-12,CA-12,94710-1749,43.001,SCIENCE,,,,,,,https://www.usaspending.gov/award/ASST_NON_80NSSC21K1317_080/,2024-04-25
National Aeronautics and Space Administration,National Aeronautics and Space Administration,FY2024P07,,080,2021,2022,,0120,000,080-2021/2022-0120-000,"Science, National Aeronautics and Space Administration",National Aeronautics and Space Administration,,"General Science, Space, and Technology","Space flight, research, and supporting activities",080-0120,"Science, National Aeronautics and Space Administration",0001,SCIENCE (DIRECT),41.0,"Grants, subsidies, and contributions",D,Q,Not Designated Nonemergency/Emergency/Disaster/Wildfire Suppression,,40993.99,,,ASST_NON_80NSSC21K1317_080,,,80NSSC21K1317,,2021-08-09,2021,2025-08-08,2025,2021-07-01,2026-06-30,,04,PROJECT GRANT (B),,,ANALYZING THE FIRST ALL-SKY IMAGES OF DREP EVENTS MEASURED WITH COSI SECTION VII - PROJECT SUMMARY SCIENCE GOALS AND OBJECTIVES: ELECTRON PRECIPITATION INTO THE ATMOSPHERE CAN SIGNIFICANTLY DRAIN THE RADIATION BELTS DURING GEOMAGNETIC STORMS. LOSS TO,080,NATIONAL AERONAUTICS AND SPACE ADMINISTRATION (NASA),8000,NATIONAL AERONAUTICS AND SPACE ADMINISTRATION,80NSSC,NASA SHARED SERVICES CENTER,080,NATIONAL AERONAUTICS AND SPACE ADMINISTRATION (NASA),8000,NATIONAL AERONAUTICS AND SPACE ADMINISTRATION,80NSSC,NASA SHARED SERVICES CENTER,GS3YEVSS12N6,,"REGENTS OF THE UNIVERSITY OF CALIFORNIA, THE",REGENTS OF THE UNIVERSITY OF CALIFORNIA  THE,,,,,USA,CA,ALAMEDA,BERKELEY,CA-12,CA-12,947101749,UNITED STATES,CALIFORNIA,ALAMEDA,CA-12,CA-12,94710-1749,43.001,SCIENCE,,,,,,,https://www.usaspending.gov/award/ASST_NON_80NSSC21K1317_080/,2024-05-22
National Aeronautics and Space Administration,National Aeronautics and Space Administration,FY2024P08,,080,2021,2022,,0120,000,080-2021/2022-0120-000,"Science, National Aeronautics and Space Administration",National Aeronautics and Space Administration,,"General Science, Space, and Technology","Space flight, research, and supporting activities",080-0120,"Science, National Aeronautics and Space Administration",0001,SCIENCE (DIRECT),41.0,"Grants, subsidies, and contributions",D,Q,Not Designated Nonemergency/Emergency/Disaster/Wildfire Suppression,,45618.54,,,ASST_NON_80NSSC21K1317_080,,,80NSSC21K1317,,2021-08-09,2021,2025-08-08,2025,2021-07-01,2026-06-30,,04,PROJECT GRANT (B),,,ANALYZING THE FIRST ALL-SKY IMAGES OF DREP EVENTS MEASURED WITH COSI SECTION VII - PROJECT SUMMARY SCIENCE GOALS AND OBJECTIVES: ELECTRON PRECIPITATION INTO THE ATMOSPHERE CAN SIGNIFICANTLY DRAIN THE RADIATION BELTS DURING GEOMAGNETIC STORMS. LOSS TO,080,NATIONAL AERONAUTICS AND SPACE ADMINISTRATION (NASA),8000,NATIONAL AERONAUTICS AND SPACE ADMINISTRATION,80NSSC,NASA SHARED SERVICES CENTER,080,NATIONAL AERONAUTICS AND SPACE ADMINISTRATION (NASA),8000,NATIONAL AERONAUTICS AND SPACE ADMINISTRATION,80NSSC,NASA SHARED SERVICES CENTER,GS3YEVSS12N6,,"REGENTS OF THE UNIVERSITY OF CALIFORNIA, THE",REGENTS OF THE UNIVERSITY OF CALIFORNIA  THE,,,,,USA,CA,ALAMEDA,BERKELEY,CA-12,CA-12,947101749,UNITED STATES,CALIFORNIA,ALAMEDA,CA-12,CA-12,94710-1749,43.001,SCIENCE,,,,,,,https://www.usaspending.gov/award/ASST_NON_80NSSC21K1317_080/,2024-07-01
National Aeronautics and Space Administration,National Aeronautics and Space Administration,FY2024P09,,080,2021,2022,,0120,000,080-2021/2022-0120-000,"Science, National Aeronautics and Space Administration",National Aeronautics and Space Administration,,"General Science, Space, and Technology","Space flight, research, and supporting activities",080-0120,"Science, National Aeronautics and Space Administration",0001,SCIENCE (DIRECT),41.0,"Grants, subsidies, and contributions",D,Q,Not Designated Nonemergency/Emergency/Disaster/Wildfire Suppression,,49919.69,,,ASST_NON_80NSSC21K1317_080,,,80NSSC21K1317,,2021-08-09,2021,2025-08-08,2025,2021-07-01,2026-06-30,,04,PROJECT GRANT (B),,,ANALYZING THE FIRST ALL-SKY IMAGES OF DREP EVENTS MEASURED WITH COSI SECTION VII - PROJECT SUMMARY SCIENCE GOALS AND OBJECTIVES: ELECTRON PRECIPITATION INTO THE ATMOSPHERE CAN SIGNIFICANTLY DRAIN THE RADIATION BELTS DURING GEOMAGNETIC STORMS. LOSS TO,080,NATIONAL AERONAUTICS AND SPACE ADMINISTRATION (NASA),8000,NATIONAL AERONAUTICS AND SPACE ADMINISTRATION,80NSSC,NASA SHARED SERVICES CENTER,080,NATIONAL AERONAUTICS AND SPACE ADMINISTRATION (NASA),8000,NATIONAL AERONAUTICS AND SPACE ADMINISTRATION,80NSSC,NASA SHARED SERVICES CENTER,GS3YEVSS12N6,,"REGENTS OF THE UNIVERSITY OF CALIFORNIA, THE",REGENTS OF THE UNIVERSITY OF CALIFORNIA  THE,,,,,USA,CA,ALAMEDA,BERKELEY,CA-12,CA-12,947101749,UNITED STATES,CALIFORNIA,ALAMEDA,CA-12,CA-12,94710-1749,43.001,SCIENCE,,,,,,,https://www.usaspending.gov/award/ASST_NON_80NSSC21K1317_080/,2024-07-29
National Aeronautics and Space Administration,National Aeronautics and Space Administration,FY2024P10,,080,2021,2022,,0120,000,080-2021/2022-0120-000,"Science, National Aeronautics and Space Administration",National Aeronautics and Space Administration,,"General Science, Space, and Technology","Space flight, research, and supporting activities",080-0120,"Science, National Aeronautics and Space Administration",0001,SCIENCE (DIRECT),41.0,"Grants, subsidies, and contributions",D,Q,Not Designated Nonemergency/Emergency/Disaster/Wildfire Suppression,,56595.21,,,ASST_NON_80NSSC21K1317_080,,,80NSSC21K1317,,2021-08-09,2021,2025-08-08,2025,2021-07-01,2026-06-30,,04,PROJECT GRANT (B),,,ANALYZING THE FIRST ALL-SKY IMAGES OF DREP EVENTS MEASURED WITH COSI SECTION VII - PROJECT SUMMARY SCIENCE GOALS AND OBJECTIVES: ELECTRON PRECIPITATION INTO THE ATMOSPHERE CAN SIGNIFICANTLY DRAIN THE RADIATION BELTS DURING GEOMAGNETIC STORMS. LOSS TO,080,NATIONAL AERONAUTICS AND SPACE ADMINISTRATION (NASA),8000,NATIONAL AERONAUTICS AND SPACE ADMINISTRATION,80NSSC,NASA SHARED SERVICES CENTER,080,NATIONAL AERONAUTICS AND SPACE ADMINISTRATION (NASA),8000,NATIONAL AERONAUTICS AND SPACE ADMINISTRATION,80NSSC,NASA SHARED SERVICES CENTER,GS3YEVSS12N6,,"REGENTS OF THE UNIVERSITY OF CALIFORNIA, THE",REGENTS OF THE UNIVERSITY OF CALIFORNIA  THE,,,,,USA,CA,ALAMEDA,BERKELEY,CA-12,CA-12,947101749,UNITED STATES,CALIFORNIA,ALAMEDA,CA-12,CA-12,94710-1749,43.001,SCIENCE,,,,,,,https://www.usaspending.gov/award/ASST_NON_80NSSC21K1317_080/,2024-08-26
National Aeronautics and Space Administration,National Aeronautics and Space Administration,FY2024P10,,080,2024,2025,,0120,000,080-2024/2025-0120-000,"Science, National Aeronautics and Space Administration",National Aeronautics and Space Administration,,"General Science, Space, and Technology","Space flight, research, and supporting activities",080-0120,"Science, National Aeronautics and Space Administration",0001,SCIENCE (DIRECT),41.0,"Grants, subsidies, and contributions",D,Q,Not Designated Nonemergency/Emergency/Disaster/Wildfire Suppression,177426.00,,,,ASST_NON_80NSSC21K1317_080,,,80NSSC21K1317,,2021-08-09,2021,2025-08-08,2025,2021-07-01,2026-06-30,,04,PROJECT GRANT (B),,,ANALYZING THE FIRST ALL-SKY IMAGES OF DREP EVENTS MEASURED WITH COSI SECTION VII - PROJECT SUMMARY SCIENCE GOALS AND OBJECTIVES: ELECTRON PRECIPITATION INTO THE ATMOSPHERE CAN SIGNIFICANTLY DRAIN THE RADIATION BELTS DURING GEOMAGNETIC STORMS. LOSS TO,080,NATIONAL AERONAUTICS AND SPACE ADMINISTRATION (NASA),8000,NATIONAL AERONAUTICS AND SPACE ADMINISTRATION,80NSSC,NASA SHARED SERVICES CENTER,080,NATIONAL AERONAUTICS AND SPACE ADMINISTRATION (NASA),8000,NATIONAL AERONAUTICS AND SPACE ADMINISTRATION,80NSSC,NASA SHARED SERVICES CENTER,GS3YEVSS12N6,,"REGENTS OF THE UNIVERSITY OF CALIFORNIA, THE",REGENTS OF THE UNIVERSITY OF CALIFORNIA  THE,,,,,USA,CA,ALAMEDA,BERKELEY,CA-12,CA-12,947101749,UNITED STATES,CALIFORNIA,ALAMEDA,CA-12,CA-12,94710-1749,43.001,SCIENCE,,,,,,,https://www.usaspending.gov/award/ASST_NON_80NSSC21K1317_080/,2024-08-26
National Aeronautics and Space Administration,National Aeronautics and Space Administration,FY2024P11,,080,2021,2022,,0120,000,080-2021/2022-0120-000,"Science, National Aeronautics and Space Administration",National Aeronautics and Space Administration,,"General Science, Space, and Technology","Space flight, research, and supporting activities",080-0120,"Science, National Aeronautics and Space Administration",0001,SCIENCE (DIRECT),41.0,"Grants, subsidies, and contributions",D,Q,Not Designated Nonemergency/Emergency/Disaster/Wildfire Suppression,,63342.49,,,ASST_NON_80NSSC21K1317_080,,,80NSSC21K1317,,2021-08-09,2021,2025-08-08,2025,2021-07-01,2026-06-30,,04,PROJECT GRANT (B),,,ANALYZING THE FIRST ALL-SKY IMAGES OF DREP EVENTS MEASURED WITH COSI SECTION VII - PROJECT SUMMARY SCIENCE GOALS AND OBJECTIVES: ELECTRON PRECIPITATION INTO THE ATMOSPHERE CAN SIGNIFICANTLY DRAIN THE RADIATION BELTS DURING GEOMAGNETIC STORMS. LOSS TO,080,NATIONAL AERONAUTICS AND SPACE ADMINISTRATION (NASA),8000,NATIONAL AERONAUTICS AND SPACE ADMINISTRATION,80NSSC,NASA SHARED SERVICES CENTER,080,NATIONAL AERONAUTICS AND SPACE ADMINISTRATION (NASA),8000,NATIONAL AERONAUTICS AND SPACE ADMINISTRATION,80NSSC,NASA SHARED SERVICES CENTER,GS3YEVSS12N6,,"REGENTS OF THE UNIVERSITY OF CALIFORNIA, THE",REGENTS OF THE UNIVERSITY OF CALIFORNIA  THE,,,,,USA,CA,ALAMEDA,BERKELEY,CA-12,CA-12,947101749,UNITED STATES,CALIFORNIA,ALAMEDA,CA-12,CA-12,94710-1749,43.001,SCIENCE,,,,,,,https://www.usaspending.gov/award/ASST_NON_80NSSC21K1317_080/,2024-09-30
National Aeronautics and Space Administration,National Aeronautics and Space Administration,FY2024P12,,080,2021,2022,,0120,000,080-2021/2022-0120-000,"Science, National Aeronautics and Space Administration",National Aeronautics and Space Administration,,"General Science, Space, and Technology","Space flight, research, and supporting activities",080-0120,"Science, National Aeronautics and Space Administration",0001,SCIENCE (DIRECT),41.0,"Grants, subsidies, and contributions",D,Q,Not Designated Nonemergency/Emergency/Disaster/Wildfire Suppression,,69125.12,,,ASST_NON_80NSSC21K1317_080,,,80NSSC21K1317,,2021-08-09,2021,2025-08-08,2025,2021-07-01,2026-06-30,,04,PROJECT GRANT (B),,,ANALYZING THE FIRST ALL-SKY IMAGES OF DREP EVENTS MEASURED WITH COSI SECTION VII - PROJECT SUMMARY SCIENCE GOALS AND OBJECTIVES: ELECTRON PRECIPITATION INTO THE ATMOSPHERE CAN SIGNIFICANTLY DRAIN THE RADIATION BELTS DURING GEOMAGNETIC STORMS. LOSS TO,080,NATIONAL AERONAUTICS AND SPACE ADMINISTRATION (NASA),8000,NATIONAL AERONAUTICS AND SPACE ADMINISTRATION,80NSSC,NASA SHARED SERVICES CENTER,080,NATIONAL AERONAUTICS AND SPACE ADMINISTRATION (NASA),8000,NATIONAL AERONAUTICS AND SPACE ADMINISTRATION,80NSSC,NASA SHARED SERVICES CENTER,GS3YEVSS12N6,,"REGENTS OF THE UNIVERSITY OF CALIFORNIA, THE",REGENTS OF THE UNIVERSITY OF CALIFORNIA  THE,,,,,USA,CA,ALAMEDA,BERKELEY,CA-12,CA-12,947101749,UNITED STATES,CALIFORNIA,ALAMEDA,CA-12,CA-12,94710-1749,43.001,SCIENCE,,,,,,,https://www.usaspending.gov/award/ASST_NON_80NSSC21K1317_080/,2024-11-07
National Aeronautics and Space Administration,National Aeronautics and Space Administration,FY2025P02,,080,2021,2022,,0120,000,080-2021/2022-0120-000,"Science, National Aeronautics and Space Administration",National Aeronautics and Space Administration,,"General Science, Space, and Technology","Space flight, research, and supporting activities",080-0120,"Science, National Aeronautics and Space Administration",0001,SCIENCE (DIRECT),41.0,"Grants, subsidies, and contributions",D,Q,Not Designated Nonemergency/Emergency/Disaster/Wildfire Suppression,,12811.30,0.00,0.00,ASST_NON_80NSSC21K1317_080,,,80NSSC21K1317,,2021-08-09,2021,2025-08-08,2025,2021-07-01,2026-06-30,,04,PROJECT GRANT (B),,,ANALYZING THE FIRST ALL-SKY IMAGES OF DREP EVENTS MEASURED WITH COSI SECTION VII - PROJECT SUMMARY SCIENCE GOALS AND OBJECTIVES: ELECTRON PRECIPITATION INTO THE ATMOSPHERE CAN SIGNIFICANTLY DRAIN THE RADIATION BELTS DURING GEOMAGNETIC STORMS. LOSS TO,080,NATIONAL AERONAUTICS AND SPACE ADMINISTRATION (NASA),8000,NATIONAL AERONAUTICS AND SPACE ADMINISTRATION,80NSSC,NASA SHARED SERVICES CENTER,080,NATIONAL AERONAUTICS AND SPACE ADMINISTRATION (NASA),8000,NATIONAL AERONAUTICS AND SPACE ADMINISTRATION,80NSSC,NASA SHARED SERVICES CENTER,GS3YEVSS12N6,,"REGENTS OF THE UNIVERSITY OF CALIFORNIA, THE",REGENTS OF THE UNIVERSITY OF CALIFORNIA  THE,,,,,USA,CA,ALAMEDA,BERKELEY,CA-12,CA-12,947101749,UNITED STATES,CALIFORNIA,ALAMEDA,CA-12,CA-12,94710-1749,43.001,SCIENCE,,,,,,,https://www.usaspending.gov/award/ASST_NON_80NSSC21K1317_080/,2024-12-20
National Aeronautics and Space Administration,National Aeronautics and Space Administration,FY2025P03,,080,2021,2022,,0120,000,080-2021/2022-0120-000,"Science, National Aeronautics and Space Administration",National Aeronautics and Space Administration,,"General Science, Space, and Technology","Space flight, research, and supporting activities",080-0120,"Science, National Aeronautics and Space Administration",0001,SCIENCE (DIRECT),41.0,"Grants, subsidies, and contributions",D,Q,Not Designated Nonemergency/Emergency/Disaster/Wildfire Suppression,,20241.86,0.00,0.00,ASST_NON_80NSSC21K1317_080,,,80NSSC21K1317,,2021-08-09,2021,2025-08-08,2025,2021-07-01,2026-06-30,,04,PROJECT GRANT (B),,,ANALYZING THE FIRST ALL-SKY IMAGES OF DREP EVENTS MEASURED WITH COSI SECTION VII - PROJECT SUMMARY SCIENCE GOALS AND OBJECTIVES: ELECTRON PRECIPITATION INTO THE ATMOSPHERE CAN SIGNIFICANTLY DRAIN THE RADIATION BELTS DURING GEOMAGNETIC STORMS. LOSS TO,080,NATIONAL AERONAUTICS AND SPACE ADMINISTRATION (NASA),8000,NATIONAL AERONAUTICS AND SPACE ADMINISTRATION,80NSSC,NASA SHARED SERVICES CENTER,080,NATIONAL AERONAUTICS AND SPACE ADMINISTRATION (NASA),8000,NATIONAL AERONAUTICS AND SPACE ADMINISTRATION,80NSSC,NASA SHARED SERVICES CENTER,GS3YEVSS12N6,,"REGENTS OF THE UNIVERSITY OF CALIFORNIA, THE",REGENTS OF THE UNIVERSITY OF CALIFORNIA  THE,,,,,USA,CA,ALAMEDA,BERKELEY,CA-12,CA-12,947101749,UNITED STATES,CALIFORNIA,ALAMEDA,CA-12,CA-12,94710-1749,43.001,SCIENCE,,,,,,,https://www.usaspending.gov/award/ASST_NON_80NSSC21K1317_080/,2025-01-29
National Aeronautics and Space Administration,National Aeronautics and Space Administration,FY2025P04,,080,2021,2022,,0120,000,080-2021/2022-0120-000,"Science, National Aeronautics and Space Administration",National Aeronautics and Space Administration,,"General Science, Space, and Technology","Space flight, research, and supporting activities",080-0120,"Science, National Aeronautics and Space Administration",0001,SCIENCE (DIRECT),41.0,"Grants, subsidies, and contributions",D,Q,Not Designated Nonemergency/Emergency/Disaster/Wildfire Suppression,,27672.42,0.00,0.00,ASST_NON_80NSSC21K1317_080,,,80NSSC21K1317,,2021-08-09,2021,2025-08-08,2025,2021-07-01,2026-06-30,,04,PROJECT GRANT (B),,,ANALYZING THE FIRST ALL-SKY IMAGES OF DREP EVENTS MEASURED WITH COSI SECTION VII - PROJECT SUMMARY SCIENCE GOALS AND OBJECTIVES: ELECTRON PRECIPITATION INTO THE ATMOSPHERE CAN SIGNIFICANTLY DRAIN THE RADIATION BELTS DURING GEOMAGNETIC STORMS. LOSS TO,080,NATIONAL AERONAUTICS AND SPACE ADMINISTRATION (NASA),8000,NATIONAL AERONAUTICS AND SPACE ADMINISTRATION,80NSSC,NASA SHARED SERVICES CENTER,080,NATIONAL AERONAUTICS AND SPACE ADMINISTRATION (NASA),8000,NATIONAL AERONAUTICS AND SPACE ADMINISTRATION,80NSSC,NASA SHARED SERVICES CENTER,GS3YEVSS12N6,,"REGENTS OF THE UNIVERSITY OF CALIFORNIA, THE",REGENTS OF THE UNIVERSITY OF CALIFORNIA  THE,,,,,USA,CA,ALAMEDA,BERKELEY,CA-12,CA-12,947101749,UNITED STATES,CALIFORNIA,ALAMEDA,CA-12,CA-12,94710-1749,43.001,SCIENCE,,,,,,,https://www.usaspending.gov/award/ASST_NON_80NSSC21K1317_080/,2025-02-28
National Aeronautics and Space Administration,National Aeronautics and Space Administration,FY2025P05,,080,2021,2022,,0120,000,080-2021/2022-0120-000,"Science, National Aeronautics and Space Administration",National Aeronautics and Space Administration,,"General Science, Space, and Technology","Space flight, research, and supporting activities",080-0120,"Science, National Aeronautics and Space Administration",0001,SCIENCE (DIRECT),41.0,"Grants, subsidies, and contributions",D,Q,Not Designated Nonemergency/Emergency/Disaster/Wildfire Suppression,,40207.75,0.00,0.00,ASST_NON_80NSSC21K1317_080,,,80NSSC21K1317,,2021-08-09,2021,2025-08-08,2025,2021-07-01,2026-06-30,,04,PROJECT GRANT (B),,,ANALYZING THE FIRST ALL-SKY IMAGES OF DREP EVENTS MEASURED WITH COSI SECTION VII - PROJECT SUMMARY SCIENCE GOALS AND OBJECTIVES: ELECTRON PRECIPITATION INTO THE ATMOSPHERE CAN SIGNIFICANTLY DRAIN THE RADIATION BELTS DURING GEOMAGNETIC STORMS. LOSS TO,080,NATIONAL AERONAUTICS AND SPACE ADMINISTRATION (NASA),8000,NATIONAL AERONAUTICS AND SPACE ADMINISTRATION,80NSSC,NASA SHARED SERVICES CENTER,080,NATIONAL AERONAUTICS AND SPACE ADMINISTRATION (NASA),8000,NATIONAL AERONAUTICS AND SPACE ADMINISTRATION,80NSSC,NASA SHARED SERVICES CENTER,GS3YEVSS12N6,,"REGENTS OF THE UNIVERSITY OF CALIFORNIA, THE",REGENTS OF THE UNIVERSITY OF CALIFORNIA  THE,,,,,USA,CA,ALAMEDA,BERKELEY,CA-12,CA-12,947101749,UNITED STATES,CALIFORNIA,ALAMEDA,CA-12,CA-12,94710-1749,43.001,SCIENCE,,,,,,,https://www.usaspending.gov/award/ASST_NON_80NSSC21K1317_080/,2025-03-31
National Aeronautics and Space Administration,National Aeronautics and Space Administration,FY2025P06,,080,2021,2022,,0120,000,080-2021/2022-0120-000,"Science, National Aeronautics and Space Administration",National Aeronautics and Space Administration,,"General Science, Space, and Technology","Space flight, research, and supporting activities",080-0120,"Science, National Aeronautics and Space Administration",0001,SCIENCE (DIRECT),41.0,"Grants, subsidies, and contributions",D,Q,Not Designated Nonemergency/Emergency/Disaster/Wildfire Suppression,,46955.04,0.00,0.00,ASST_NON_80NSSC21K1317_080,,,80NSSC21K1317,,2021-08-09,2021,2025-08-08,2025,2021-07-01,2026-06-30,,04,PROJECT GRANT (B),,,ANALYZING THE FIRST ALL-SKY IMAGES OF DREP EVENTS MEASURED WITH COSI SECTION VII - PROJECT SUMMARY SCIENCE GOALS AND OBJECTIVES: ELECTRON PRECIPITATION INTO THE ATMOSPHERE CAN SIGNIFICANTLY DRAIN THE RADIATION BELTS DURING GEOMAGNETIC STORMS. LOSS TO,080,NATIONAL AERONAUTICS AND SPACE ADMINISTRATION (NASA),8000,NATIONAL AERONAUTICS AND SPACE ADMINISTRATION,80NSSC,NASA SHARED SERVICES CENTER,080,NATIONAL AERONAUTICS AND SPACE ADMINISTRATION (NASA),8000,NATIONAL AERONAUTICS AND SPACE ADMINISTRATION,80NSSC,NASA SHARED SERVICES CENTER,GS3YEVSS12N6,,"REGENTS OF THE UNIVERSITY OF CALIFORNIA, THE",REGENTS OF THE UNIVERSITY OF CALIFORNIA  THE,,,,,USA,CA,ALAMEDA,BERKELEY,CA-12,CA-12,947101749,UNITED STATES,CALIFORNIA,ALAMEDA,CA-12,CA-12,94710-1749,43.001,SCIENCE,,,,,,,https://www.usaspending.gov/award/ASST_NON_80NSSC21K1317_080/,2025-04-24
National Aeronautics and Space Administration,National Aeronautics and Space Administration,FY2025P07,,080,2021,2022,,0120,000,080-2021/2022-0120-000,"Science, National Aeronautics and Space Administration",National Aeronautics and Space Administration,,"General Science, Space, and Technology","Space flight, research, and supporting activities",080-0120,"Science, National Aeronautics and Space Administration",0001,SCIENCE (DIRECT),41.0,"Grants, subsidies, and contributions",D,Q,Not Designated Nonemergency/Emergency/Disaster/Wildfire Suppression,,54385.60,0.00,0.00,ASST_NON_80NSSC21K1317_080,,,80NSSC21K1317,,2021-08-09,2021,2025-08-08,2025,2021-07-01,2026-06-30,,04,PROJECT GRANT (B),,,ANALYZING THE FIRST ALL-SKY IMAGES OF DREP EVENTS MEASURED WITH COSI SECTION VII - PROJECT SUMMARY SCIENCE GOALS AND OBJECTIVES: ELECTRON PRECIPITATION INTO THE ATMOSPHERE CAN SIGNIFICANTLY DRAIN THE RADIATION BELTS DURING GEOMAGNETIC STORMS. LOSS TO,080,NATIONAL AERONAUTICS AND SPACE ADMINISTRATION (NASA),8000,NATIONAL AERONAUTICS AND SPACE ADMINISTRATION,80NSSC,NASA SHARED SERVICES CENTER,080,NATIONAL AERONAUTICS AND SPACE ADMINISTRATION (NASA),8000,NATIONAL AERONAUTICS AND SPACE ADMINISTRATION,80NSSC,NASA SHARED SERVICES CENTER,GS3YEVSS12N6,,"REGENTS OF THE UNIVERSITY OF CALIFORNIA, THE",REGENTS OF THE UNIVERSITY OF CALIFORNIA  THE,,,,,USA,CA,ALAMEDA,BERKELEY,CA-12,CA-12,947101749,UNITED STATES,CALIFORNIA,ALAMEDA,CA-12,CA-12,94710-1749,43.001,SCIENCE,,,,,,,https://www.usaspending.gov/award/ASST_NON_80NSSC21K1317_080/,2025-05-23
National Aeronautics and Space Administration,National Aeronautics and Space Administration,FY2025P08,,080,2021,2022,,0120,000,080-2021/2022-0120-000,"Science, National Aeronautics and Space Administration",National Aeronautics and Space Administration,,"General Science, Space, and Technology","Space flight, research, and supporting activities",080-0120,"Science, National Aeronautics and Space Administration",0001,SCIENCE (DIRECT),41.0,"Grants, subsidies, and contributions",D,Q,Not Designated Nonemergency/Emergency/Disaster/Wildfire Suppression,,54385.60,0.00,0.00,ASST_NON_80NSSC21K1317_080,,,80NSSC21K1317,,2021-08-09,2021,2025-08-08,2025,2021-07-01,2026-06-30,,04,PROJECT GRANT (B),,,ANALYZING THE FIRST ALL-SKY IMAGES OF DREP EVENTS MEASURED WITH COSI SECTION VII - PROJECT SUMMARY SCIENCE GOALS AND OBJECTIVES: ELECTRON PRECIPITATION INTO THE ATMOSPHERE CAN SIGNIFICANTLY DRAIN THE RADIATION BELTS DURING GEOMAGNETIC STORMS. LOSS TO,080,NATIONAL AERONAUTICS AND SPACE ADMINISTRATION (NASA),8000,NATIONAL AERONAUTICS AND SPACE ADMINISTRATION,80NSSC,NASA SHARED SERVICES CENTER,080,NATIONAL AERONAUTICS AND SPACE ADMINISTRATION (NASA),8000,NATIONAL AERONAUTICS AND SPACE ADMINISTRATION,80NSSC,NASA SHARED SERVICES CENTER,GS3YEVSS12N6,,"REGENTS OF THE UNIVERSITY OF CALIFORNIA, THE",REGENTS OF THE UNIVERSITY OF CALIFORNIA  THE,,,,,USA,CA,ALAMEDA,BERKELEY,CA-12,CA-12,947101749,UNITED STATES,CALIFORNIA,ALAMEDA,CA-12,CA-12,94710-1749,43.001,SCIENCE,,,,,,,https://www.usaspending.gov/award/ASST_NON_80NSSC21K1317_080/,2025-06-25
National Aeronautics and Space Administration,National Aeronautics and Space Administration,FY2025P09,,080,2021,2022,,0120,000,080-2021/2022-0120-000,"Science, National Aeronautics and Space Administration",National Aeronautics and Space Administration,,"General Science, Space, and Technology","Space flight, research, and supporting activities",080-0120,"Science, National Aeronautics and Space Administration",0001,SCIENCE (DIRECT),41.0,"Grants, subsidies, and contributions",D,Q,Not Designated Nonemergency/Emergency/Disaster/Wildfire Suppression,,63592.89,0.00,0.00,ASST_NON_80NSSC21K1317_080,,,80NSSC21K1317,,2021-08-09,2021,2025-08-08,2025,2021-07-01,2026-06-30,,04,PROJECT GRANT (B),,,ANALYZING THE FIRST ALL-SKY IMAGES OF DREP EVENTS MEASURED WITH COSI SECTION VII - PROJECT SUMMARY SCIENCE GOALS AND OBJECTIVES: ELECTRON PRECIPITATION INTO THE ATMOSPHERE CAN SIGNIFICANTLY DRAIN THE RADIATION BELTS DURING GEOMAGNETIC STORMS. LOSS TO,080,NATIONAL AERONAUTICS AND SPACE ADMINISTRATION (NASA),8000,NATIONAL AERONAUTICS AND SPACE ADMINISTRATION,80NSSC,NASA SHARED SERVICES CENTER,080,NATIONAL AERONAUTICS AND SPACE ADMINISTRATION (NASA),8000,NATIONAL AERONAUTICS AND SPACE ADMINISTRATION,80NSSC,NASA SHARED SERVICES CENTER,GS3YEVSS12N6,,"REGENTS OF THE UNIVERSITY OF CALIFORNIA, THE",REGENTS OF THE UNIVERSITY OF CALIFORNIA  THE,,,,,USA,CA,ALAMEDA,BERKELEY,CA-12,CA-12,947101749,UNITED STATES,CALIFORNIA,ALAMEDA,CA-12,CA-12,94710-1749,43.001,SCIENCE,,,,,,,https://www.usaspending.gov/award/ASST_NON_80NSSC21K1317_080/,2025-07-31
National Aeronautics and Space Administration,National Aeronautics and Space Administration,FY2025P10,,080,2021,2022,,0120,000,080-2021/2022-0120-000,"Science, National Aeronautics and Space Administration",National Aeronautics and Space Administration,,"General Science, Space, and Technology","Space flight, research, and supporting activities",080-0120,"Science, National Aeronautics and Space Administration",0001,SCIENCE (DIRECT),41.0,"Grants, subsidies, and contributions",D,Q,Not Designated Nonemergency/Emergency/Disaster/Wildfire Suppression,,70158.23,0.00,0.00,ASST_NON_80NSSC21K1317_080,,,80NSSC21K1317,,2021-08-09,2021,2025-08-08,2025,2021-07-01,2026-06-30,,04,PROJECT GRANT (B),,,ANALYZING THE FIRST ALL-SKY IMAGES OF DREP EVENTS MEASURED WITH COSI SECTION VII - PROJECT SUMMARY SCIENCE GOALS AND OBJECTIVES: ELECTRON PRECIPITATION INTO THE ATMOSPHERE CAN SIGNIFICANTLY DRAIN THE RADIATION BELTS DURING GEOMAGNETIC STORMS. LOSS TO,080,NATIONAL AERONAUTICS AND SPACE ADMINISTRATION (NASA),8000,NATIONAL AERONAUTICS AND SPACE ADMINISTRATION,80NSSC,NASA SHARED SERVICES CENTER,080,NATIONAL AERONAUTICS AND SPACE ADMINISTRATION (NASA),8000,NATIONAL AERONAUTICS AND SPACE ADMINISTRATION,80NSSC,NASA SHARED SERVICES CENTER,GS3YEVSS12N6,,"REGENTS OF THE UNIVERSITY OF CALIFORNIA, THE",REGENTS OF THE UNIVERSITY OF CALIFORNIA  THE,,,,,USA,CA,ALAMEDA,BERKELEY,CA-12,CA-12,947101749,UNITED STATES,CALIFORNIA,ALAMEDA,CA-12,CA-12,94710-1749,43.001,SCIENCE,,,,,,,https://www.usaspending.gov/award/ASST_NON_80NSSC21K1317_080/,2025-09-12
National Aeronautics and Space Administration,National Aeronautics and Space Administration,FY2025P10,,080,2022,2023,,0120,000,080-2022/2023-0120-000,"Science, National Aeronautics and Space Administration",National Aeronautics and Space Administration,,"General Science, Space, and Technology","Space flight, research, and supporting activities",080-0120,"Science, National Aeronautics and Space Administration",0001,SCIENCE (DIRECT),41.0,"Grants, subsidies, and contributions",D,Q,Not Designated Nonemergency/Emergency/Disaster/Wildfire Suppression,,14838.08,0.00,0.00,ASST_NON_80NSSC21K1317_080,,,80NSSC21K1317,,2021-08-09,2021,2025-08-08,2025,2021-07-01,2026-06-30,,04,PROJECT GRANT (B),,,ANALYZING THE FIRST ALL-SKY IMAGES OF DREP EVENTS MEASURED WITH COSI SECTION VII - PROJECT SUMMARY SCIENCE GOALS AND OBJECTIVES: ELECTRON PRECIPITATION INTO THE ATMOSPHERE CAN SIGNIFICANTLY DRAIN THE RADIATION BELTS DURING GEOMAGNETIC STORMS. LOSS TO,080,NATIONAL AERONAUTICS AND SPACE ADMINISTRATION (NASA),8000,NATIONAL AERONAUTICS AND SPACE ADMINISTRATION,80NSSC,NASA SHARED SERVICES CENTER,080,NATIONAL AERONAUTICS AND SPACE ADMINISTRATION (NASA),8000,NATIONAL AERONAUTICS AND SPACE ADMINISTRATION,80NSSC,NASA SHARED SERVICES CENTER,GS3YEVSS12N6,,"REGENTS OF THE UNIVERSITY OF CALIFORNIA, THE",REGENTS OF THE UNIVERSITY OF CALIFORNIA  THE,,,,,USA,CA,ALAMEDA,BERKELEY,CA-12,CA-12,947101749,UNITED STATES,CALIFORNIA,ALAMEDA,CA-12,CA-12,94710-1749,43.001,SCIENCE,,,,,,,https://www.usaspending.gov/award/ASST_NON_80NSSC21K1317_080/,2025-09-12
National Aeronautics and Space Administration,National Aeronautics and Space Administration,FY2025P11,,080,2021,2022,,0120,000,080-2021/2022-0120-000,"Science, National Aeronautics and Space Administration",National Aeronautics and Space Administration,,"General Science, Space, and Technology","Space flight, research, and supporting activities",080-0120,"Science, National Aeronautics and Space Administration",0001,SCIENCE (DIRECT),41.0,"Grants, subsidies, and contributions",D,Q,Not Designated Nonemergency/Emergency/Disaster/Wildfire Suppression,,70158.23,0.00,0.00,ASST_NON_80NSSC21K1317_080,,,80NSSC21K1317,,2021-08-09,2021,2025-08-08,2025,2021-07-01,2026-06-30,,04,PROJECT GRANT (B),,,ANALYZING THE FIRST ALL-SKY IMAGES OF DREP EVENTS MEASURED WITH COSI SECTION VII - PROJECT SUMMARY SCIENCE GOALS AND OBJECTIVES: ELECTRON PRECIPITATION INTO THE ATMOSPHERE CAN SIGNIFICANTLY DRAIN THE RADIATION BELTS DURING GEOMAGNETIC STORMS. LOSS TO,080,NATIONAL AERONAUTICS AND SPACE ADMINISTRATION (NASA),8000,NATIONAL AERONAUTICS AND SPACE ADMINISTRATION,80NSSC,NASA SHARED SERVICES CENTER,080,NATIONAL AERONAUTICS AND SPACE ADMINISTRATION (NASA),8000,NATIONAL AERONAUTICS AND SPACE ADMINISTRATION,80NSSC,NASA SHARED SERVICES CENTER,GS3YEVSS12N6,,"REGENTS OF THE UNIVERSITY OF CALIFORNIA, THE",REGENTS OF THE UNIVERSITY OF CALIFORNIA  THE,,,,,USA,CA,ALAMEDA,BERKELEY,CA-12,CA-12,947101749,UNITED STATES,CALIFORNIA,ALAMEDA,CA-12,CA-12,94710-1749,43.001,SCIENCE,,,,,,,https://www.usaspending.gov/award/ASST_NON_80NSSC21K1317_080/,2025-09-29
National Aeronautics and Space Administration,National Aeronautics and Space Administration,FY2025P11,,080,2022,2023,,0120,000,080-2022/2023-0120-000,"Science, National Aeronautics and Space Administration",National Aeronautics and Space Administration,,"General Science, Space, and Technology","Space flight, research, and supporting activities",080-0120,"Science, National Aeronautics and Space Administration",0001,SCIENCE (DIRECT),41.0,"Grants, subsidies, and contributions",D,Q,Not Designated Nonemergency/Emergency/Disaster/Wildfire Suppression,,14838.08,0.00,0.00,ASST_NON_80NSSC21K1317_080,,,80NSSC21K1317,,2021-08-09,2021,2025-08-08,2025,2021-07-01,2026-06-30,,04,PROJECT GRANT (B),,,ANALYZING THE FIRST ALL-SKY IMAGES OF DREP EVENTS MEASURED WITH COSI SECTION VII - PROJECT SUMMARY SCIENCE GOALS AND OBJECTIVES: ELECTRON PRECIPITATION INTO THE ATMOSPHERE CAN SIGNIFICANTLY DRAIN THE RADIATION BELTS DURING GEOMAGNETIC STORMS. LOSS TO,080,NATIONAL AERONAUTICS AND SPACE ADMINISTRATION (NASA),8000,NATIONAL AERONAUTICS AND SPACE ADMINISTRATION,80NSSC,NASA SHARED SERVICES CENTER,080,NATIONAL AERONAUTICS AND SPACE ADMINISTRATION (NASA),8000,NATIONAL AERONAUTICS AND SPACE ADMINISTRATION,80NSSC,NASA SHARED SERVICES CENTER,GS3YEVSS12N6,,"REGENTS OF THE UNIVERSITY OF CALIFORNIA, THE",REGENTS OF THE UNIVERSITY OF CALIFORNIA  THE,,,,,USA,CA,ALAMEDA,BERKELEY,CA-12,CA-12,947101749,UNITED STATES,CALIFORNIA,ALAMEDA,CA-12,CA-12,94710-1749,43.001,SCIENCE,,,,,,,https://www.usaspending.gov/award/ASST_NON_80NSSC21K1317_080/,2025-09-29
